ts,phase,goal,provider,squad,squad_size,avg_score,min_score,max_score,committed,duration_ms
2026-06-03T13:30:47.941Z,LiveProof,Summarize in ONE sentence what a multi-agent orchestration leaderboard is for.,ollama_mdes,vaja;soma;innova;lak;chamu,5,93.00,88,98,true,146220
2026-06-03T13:36:08.618Z,LiveProof,Summarize in ONE sentence what a multi-agent orchestration leaderboard is for.,ollama_mdes,vaja;soma;innova;lak;chamu,5,53.00,45,65,true,93895
2026-06-03T14:06:13.718Z,Chat,List three benefits of multi-agent orchestration in one short sentence each.,copilot,soma;innova;vaja;lak;chamu,5,0.00,0,0,true,42429
2026-06-03T14:12:57.318Z,Content Composition,Content Composition: Write the English haiku.,router-rotation,innova;soma;vaja;lak;chamu,5,92.60,92,95,true,85900
2026-06-03T14:15:55.192Z,Thai Translation,"Thai Translation: Translate the text into Thai.

[Prior phases]
Content Composition: Implementing a structural `HaikuComposer` engine. This implementation uses a pattern-matching approach to ensure the content composition adh",router-rotation,soma;innova;vaja;lak;chamu,5,76.00,0,95,true,177511
2026-06-03T17:52:11.673Z,Compose Haiku,Compose Haiku: Write a three-line poem about multi-agent orchestration.,router-rotation,innova;soma;vaja;lak;chamu,5,56.40,0,95,true,248778
2026-06-03T18:01:49.235Z,Thai Translation,Thai Translation: Translate the completed English sentence into Thai.,ollama_mdes,soma;innova;vaja;lak;chamu,5,76.60,3,95,true,171346
2026-06-03T18:16:04.393Z,System Audit,System Audit: Map failure modes across all four architectural components.,ollama_mdes,soma;innova;vaja;lak;chamu,5,73.80,5,92,true,148397
2026-06-03T19:03:50.031Z,Fleet Batch,Smoke test the fleet batch harness after ThaiLLM routing fix.,multi-provider,jit;innova;soma;lak,4,85.00,85,85,false,48543
2026-06-03T19:05:18.174Z,Fleet Batch,Smoke test interleaved provider scheduling after ThaiLLM routing fix.,multi-provider,jit;innova;soma;lak;neta;chamu;vaja;mue,8,81.25,70,100,false,64553
2026-06-03T19:07:07.089Z,Fleet Batch,Smoke test per-provider model rotation for ThaiLLM and Ollama cloud.,multi-provider,jit;innova;soma;lak;neta;chamu;vaja;mue;pada;netra;karn;pran,12,63.75,0,93,false,85756
2026-06-03T19:08:47.528Z,Fleet Batch,Smoke test per-backend throttling before full 56-worker batch.,multi-provider,jit;innova;soma;lak;neta;chamu;vaja;mue,8,74.75,1,95,false,66013
2026-06-03T19:12:22.031Z,Fleet Batch,Tonight,multi-provider,jit;innova;soma;lak;neta;chamu;vaja;mue;pada;netra;karn;pran;sayanprasathan;agent-mdes;agent-thaillm;agent-copilot,16,79.05,12,100,false,184179
2026-06-03T19:18:27.384Z,Fleet Batch,Smoke fixed fleet reporter: prove pending accounting and Discord config handling.,multi-provider,jit;innova;soma;lak,4,83.25,78,85,false,102188
2026-06-03T19:26:40.003Z,Fleet Batch,"Harden Mother/Jit/innomcp tonight: each worker finds one evidence-backed risk or next fix, prioritizing router reliability, SSE/innova-bot health, provider fallback, ThaiLLM/cloud/Copilot orchestration, and low-token autonomous continuation.",multi-provider,jit;innova;soma;lak;neta;chamu;vaja;mue;pada;netra;karn;pran;sayanprasathan;agent-mdes;agent-thaillm;agent-copilot,16,77.18,0,92,false,459828
2026-06-03T19:28:35.343Z,Fleet Batch,Retry smoke: prove transient failures are retried and pending accounting stays correct.,multi-provider,jit;innova;soma;lak;neta;chamu;vaja;mue,8,79.00,70,85,false,58932
2026-06-03T19:33:15.807Z,Fleet Batch,"Final hardened fleet run: validate >50 Jit Mother workers across MDES, ThaiLLM 4 models, Ollama cloud gemma/nemotron, and Copilot; surface actionable innomcp next fixes with retry, pending accounting, and provider evidence.",multi-provider,jit;innova;soma;lak;neta;chamu;vaja;mue;pada;netra;karn;pran;sayanprasathan;agent-mdes;agent-thaillm;agent-copilot,16,77.21,12,98,false,264810
2026-06-04T07:24:32.954Z,Fleet Batch,"Proof run for innomcp finish: 51 Jit Mother workers audit remaining orchestration risks using MDES, ThaiLLM, and Ollama cloud. Return one concise actionable fix with Confidence 0-100.",multi-provider,jit;innova;soma;lak;neta;chamu;vaja;mue;pada;netra;karn;pran;sayanprasathan;agent-mdes;agent-thaillm;agent-copilot,16,72.20,1,95,false,295963
